"Gene","Non-unique Gene name","Annotation","Number_pos_present_in","Number_neg_present_in","Number_pos_not_present_in","Number_neg_not_present_in","Sensitivity","Specificity","Odds_ratio","Naive_p","Bonferroni_p","Benjamini_H_p","Max_Pairwise_comparisons","Max_supporting_pairs","Max_opposing_pairs","Best_pairwise_comp_p","Worst_pairwise_comp_p","Empirical_p"
"yajI","","putative lipoprotein YajI","0","36","10","0","0.0","0.0","0.0","2.453174768411319e-10","3.8024208910375445e-08","3.8024208910375445e-08","3","0","3","0.25","0.25","0.07492507492507493"
"cea","","Colicin-E1","0","28","10","8","0.0","22.22222222222222","0.0","1.073460215161415e-05","0.0016638633335001932","0.00033277266670003866","3","0","3","0.25","0.25","0.13966480446927373"
"mbeC","","Mobilization protein MbeC","0","28","10","8","0.0","22.22222222222222","0.0","1.073460215161415e-05","0.0016638633335001932","0.00033277266670003866","3","0","3","0.25","0.25","0.19444444444444445"
"cnl","","Lysis protein for colicin N","0","28","10","8","0.0","22.22222222222222","0.0","1.073460215161415e-05","0.0016638633335001932","0.00033277266670003866","3","0","3","0.25","0.25","0.17391304347826086"
"rop","","Regulatory protein rop","0","28","10","8","0.0","22.22222222222222","0.0","1.073460215161415e-05","0.0016638633335001932","0.00033277266670003866","3","0","3","0.25","0.25","0.1532258064516129"
"rfbD_2","","UDP-galactopyranose mutase","0","25","10","11","0.0","30.555555555555557","0.0","8.652739916149577e-05","0.013411746870031846","0.0022352911450053076","3","0","3","0.25","0.25","0.04795204795204795"
